
USE [master]
GO

CREATE DATABASE [Ksiazki]
GO

ALTER DATABASE [Ksiazki] SET COMPATIBILITY_LEVEL = 130
GO

ALTER DATABASE [Ksiazki] SET ANSI_NULL_DEFAULT OFF 
GO

ALTER DATABASE [Ksiazki] SET ANSI_NULLS OFF 
GO

ALTER DATABASE [Ksiazki] SET ANSI_PADDING OFF 
GO

ALTER DATABASE [Ksiazki] SET ANSI_WARNINGS OFF 
GO

ALTER DATABASE [Ksiazki] SET ARITHABORT OFF 
GO

ALTER DATABASE [Ksiazki] SET AUTO_CLOSE OFF 
GO

ALTER DATABASE [Ksiazki] SET AUTO_SHRINK OFF 
GO

ALTER DATABASE [Ksiazki] SET AUTO_UPDATE_STATISTICS ON 
GO

ALTER DATABASE [Ksiazki] SET CURSOR_CLOSE_ON_COMMIT OFF 
GO

ALTER DATABASE [Ksiazki] SET CURSOR_DEFAULT  GLOBAL 
GO

ALTER DATABASE [Ksiazki] SET CONCAT_NULL_YIELDS_NULL OFF 
GO

ALTER DATABASE [Ksiazki] SET NUMERIC_ROUNDABORT OFF 
GO

ALTER DATABASE [Ksiazki] SET QUOTED_IDENTIFIER OFF 
GO

ALTER DATABASE [Ksiazki] SET RECURSIVE_TRIGGERS OFF 
GO

ALTER DATABASE [Ksiazki] SET  DISABLE_BROKER 
GO

ALTER DATABASE [Ksiazki] SET AUTO_UPDATE_STATISTICS_ASYNC OFF 
GO

ALTER DATABASE [Ksiazki] SET DATE_CORRELATION_OPTIMIZATION OFF 
GO

ALTER DATABASE [Ksiazki] SET TRUSTWORTHY OFF 
GO

ALTER DATABASE [Ksiazki] SET ALLOW_SNAPSHOT_ISOLATION OFF 
GO

ALTER DATABASE [Ksiazki] SET PARAMETERIZATION SIMPLE 
GO

ALTER DATABASE [Ksiazki] SET READ_COMMITTED_SNAPSHOT OFF 
GO

ALTER DATABASE [Ksiazki] SET HONOR_BROKER_PRIORITY OFF 
GO

ALTER DATABASE [Ksiazki] SET RECOVERY FULL 
GO

ALTER DATABASE [Ksiazki] SET  MULTI_USER 
GO

ALTER DATABASE [Ksiazki] SET PAGE_VERIFY CHECKSUM  
GO

ALTER DATABASE [Ksiazki] SET DB_CHAINING OFF 
GO

ALTER DATABASE [Ksiazki] SET FILESTREAM( NON_TRANSACTED_ACCESS = OFF ) 
GO

ALTER DATABASE [Ksiazki] SET TARGET_RECOVERY_TIME = 60 SECONDS 
GO

ALTER DATABASE [Ksiazki] SET DELAYED_DURABILITY = DISABLED 
GO

ALTER DATABASE [Ksiazki] SET QUERY_STORE = OFF
GO

USE [Ksiazki]
GO

ALTER DATABASE SCOPED CONFIGURATION SET LEGACY_CARDINALITY_ESTIMATION = OFF;
GO

ALTER DATABASE SCOPED CONFIGURATION FOR SECONDARY SET LEGACY_CARDINALITY_ESTIMATION = PRIMARY;
GO

ALTER DATABASE SCOPED CONFIGURATION SET MAXDOP = 0;
GO

ALTER DATABASE SCOPED CONFIGURATION FOR SECONDARY SET MAXDOP = PRIMARY;
GO

ALTER DATABASE SCOPED CONFIGURATION SET PARAMETER_SNIFFING = ON;
GO

ALTER DATABASE SCOPED CONFIGURATION FOR SECONDARY SET PARAMETER_SNIFFING = PRIMARY;
GO

ALTER DATABASE SCOPED CONFIGURATION SET QUERY_OPTIMIZER_HOTFIXES = OFF;
GO

ALTER DATABASE SCOPED CONFIGURATION FOR SECONDARY SET QUERY_OPTIMIZER_HOTFIXES = PRIMARY;
GO

ALTER DATABASE [Ksiazki] SET  READ_WRITE 
GO

USE [Ksiazki]
GO

/****** Object:  Table [dbo].[Aktor]    Script Date: 09.01.2018 13:34:41 ******/
SET ANSI_NULLS ON
GO

SET QUOTED_IDENTIFIER ON
GO

CREATE TABLE [dbo].[Autor](
	[autorID] [int] IDENTITY(1,1) NOT NULL,
	[nazwiskoAutora] [nchar](50) NOT NULL,
	[imieAutora] [nchar](25) NULL,
	[dataUrodzenia] [datetime] NULL,
 CONSTRAINT [PK_Autor] PRIMARY KEY CLUSTERED 
(
	[autorID] ASC
)WITH (PAD_INDEX = OFF, STATISTICS_NORECOMPUTE = OFF, IGNORE_DUP_KEY = OFF, ALLOW_ROW_LOCKS = ON, ALLOW_PAGE_LOCKS = ON) ON [PRIMARY]
) ON [PRIMARY]
GO

INSERT INTO [dbo].[Autor] VALUES ('Kowalski', 'Jan', '12.12.1960')
GO
INSERT INTO [dbo].[Autor] VALUES ('Aback', 'Adam', '12.11.1970')
GO
INSERT INTO [dbo].[Autor] VALUES ('Bebacki', 'Piotr', '12.10.1980')
GO
INSERT INTO [dbo].[Autor] VALUES ('Cebacki', 'Szymon', '12.09.1981')
GO
INSERT INTO [dbo].[Autor] VALUES ('Debacki', 'Tomasz', '12.08.1981')
GO
INSERT INTO [dbo].[Autor] VALUES ('Ebacki', 'Janusz', '12.07.2000')
GO
INSERT INTO [dbo].[Autor] VALUES ('Fbacki', 'Andrzej', '12.06.2001')
GO
INSERT INTO [dbo].[Autor] VALUES ('Gbacki', 'Karol', '12.05.1965')
GO
INSERT INTO [dbo].[Autor] VALUES ('Ibacki', 'Aleksander', '12.04.1999')
GO
INSERT INTO [dbo].[Autor] VALUES ('Jbacki', 'Pawe³', '12.03.1975')
GO

CREATE TABLE [dbo].[Ksiazka](
	[ksiazkaID] [char](10) NOT NULL,
	[tytul] [nchar](255) NOT NULL,
	[gatunek] [nchar](50) NULL,
	[dataPremiery] [datetime] NOT NULL,
 CONSTRAINT [PK_Ksiazka] PRIMARY KEY CLUSTERED 
(
	[ksiazkaID] ASC
)WITH (PAD_INDEX = OFF, STATISTICS_NORECOMPUTE = OFF, IGNORE_DUP_KEY = OFF, ALLOW_ROW_LOCKS = ON, ALLOW_PAGE_LOCKS = ON) ON [PRIMARY]
) ON [PRIMARY]
GO

INSERT INTO [dbo].[Ksiazka] VALUES ('ASDFG12345', 'Tytu³ 1', 'S-F', '12.12.2017')
GO
INSERT INTO [dbo].[Ksiazka] VALUES ('QWERT12345', 'Tytu³ 2', 'Dramat', '12.12.1977')
GO
INSERT INTO [dbo].[Ksiazka] VALUES ('ASDFG09876', 'Tytu³ 3', 'Obyczajowy', '12.12.2007')
GO
INSERT INTO [dbo].[Ksiazka] VALUES ('ASDZX56345', 'Tytu³ 4', 'Horror', '12.12.1957')
GO
INSERT INTO [dbo].[Ksiazka] VALUES ('ASDFG44345', 'Tytu³ 5', 'S-F', '12.12.2001')
GO

CREATE TABLE [dbo].[AutorKsiazki](
	[autorKsiazkiID] [int] IDENTITY(1,1) NOT NULL,
	[ksiazkaID] [char](10) NOT NULL,
	[autorID] [int] NOT NULL,
 CONSTRAINT [PK_AutorKsiazki] PRIMARY KEY CLUSTERED 
(
	[autorKsiazkiID] ASC
)WITH (PAD_INDEX = OFF, STATISTICS_NORECOMPUTE = OFF, IGNORE_DUP_KEY = OFF, ALLOW_ROW_LOCKS = ON, ALLOW_PAGE_LOCKS = ON) ON [PRIMARY]
) ON [PRIMARY]
GO

ALTER TABLE [dbo].[AutorKsiazki]  WITH CHECK ADD  CONSTRAINT [FK_AutroKsiazki_Autor] FOREIGN KEY([autorID])
REFERENCES [dbo].[Autor] ([autorID])
GO

ALTER TABLE [dbo].[AutorKsiazki] CHECK CONSTRAINT [FK_AutroKsiazki_Autor]
GO

ALTER TABLE [dbo].[AutorKsiazki]  WITH CHECK ADD  CONSTRAINT [FK_AutroKsiazki_Ksiazka] FOREIGN KEY([ksiazkaID])
REFERENCES [dbo].[Ksiazka] ([ksiazkaID])
GO

ALTER TABLE [dbo].[AutorKsiazki] CHECK CONSTRAINT [FK_AutroKsiazki_Ksiazka]
GO

INSERT INTO [dbo].[AutorKsiazki] VALUES ('ASDFG12345', 1)
GO
INSERT INTO [dbo].[AutorKsiazki] VALUES ('ASDFG12345', 3)
GO
INSERT INTO [dbo].[AutorKsiazki] VALUES ('QWERT12345', 1)
GO
INSERT INTO [dbo].[AutorKsiazki] VALUES ('QWERT12345', 8)
GO
INSERT INTO [dbo].[AutorKsiazki] VALUES ('QWERT12345', 9)
GO
INSERT INTO [dbo].[AutorKsiazki] VALUES ('ASDFG09876', 3)
GO
INSERT INTO [dbo].[AutorKsiazki] VALUES ('ASDFG09876', 7)
GO
INSERT INTO [dbo].[AutorKsiazki] VALUES ('ASDFG09876', 4)
GO
INSERT INTO [dbo].[AutorKsiazki] VALUES ('ASDFG09876', 8)
GO
INSERT INTO [dbo].[AutorKsiazki] VALUES ('ASDZX56345', 8)
GO
INSERT INTO [dbo].[AutorKsiazki] VALUES ('ASDZX56345', 5)
GO
INSERT INTO [dbo].[AutorKsiazki] VALUES ('ASDZX56345', 2)
GO
INSERT INTO [dbo].[AutorKsiazki] VALUES ('ASDFG44345', 8)
GO
INSERT INTO [dbo].[AutorKsiazki] VALUES ('ASDFG44345', 9)
GO
INSERT INTO [dbo].[AutorKsiazki] VALUES ('ASDFG44345', 1)
GO
INSERT INTO [dbo].[AutorKsiazki] VALUES ('ASDFG44345', 2)
GO